År,KOSTRA-kode,Beskrivelse,Verdi
2002,10100,LØNN I FASTE STILLINGER,"634,185"
2002,10200,LØNN VIKARER,"11,867"
2002,10900,ARBEIDSGIVERS ANDEL KLP,"55,091"
2002,10990,ARBEIDSGIVERAVGIFT,"99,186"
2002,11000,KONTORMATERIELL,837
2002,11001,"AVISER, TIDSKRIFTER, FAGLITTERATUR OSV",840
2002,11055,TEKSTILFORMING,"4,448"
2002,11059,LEKER,"19,280"
2002,11150,MATVARER,"6,275"
2002,11151,MATVARER M/REFUSJON,"20,944"
2002,11200,ANDRE DRIFTSUTGIFTER,"4,052"
2002,11202,ARBEIDSTØY/VERNEUTSTYR,898
2002,11301,TELEFON- OG KOMMUNIKASJON,"19,701"
2002,11600,SKYSS- OG KOSTGODTGJØRELSE,"3,321"
2002,12000,INVENTAR OG UTSTYR,"145,681"
2002,12001,LÆREMIDLER,"32,607"
2002,16000,BRUKERBETALING,"-481,472"
2002,16001,KOSTPENGER,"-26,900"
2002,17000,REFUSJON FRA STATEN,"-474,674"
2002,11620,SKYSS - AVGIFTSPLIKTIG,285
2003,10100,LØNN I FASTE STILLINGER,"865,124"
2003,10200,LØNN VIKARER,"11,099"
2003,10300,EKSTRAHJELP,"2,455"
2003,10400,OVERTID,856
2003,10900,ARBEIDSGIVERS ANDEL KLP,"77,914"
2003,10990,ARBEIDSGIVERAVGIFT,"135,391"
2003,11000,KONTORMATERIELL,"1,793"
2003,11001,"AVISER, TIDSKRIFTER, FAGLITTERATUR OSV",0
2003,11055,TEKSTILFORMING,"9,107"
2003,11059,LEKER,"11,920"
2003,11150,MATVARER,170
2003,11151,MATVARER M/REFUSJON,"27,507"
2003,11200,ANDRE DRIFTSUTGIFTER,"11,156"
2003,11202,ARBEIDSTØY/VERNEUTSTYR,0
2003,11301,TELEFON- OG KOMMUNIKASJON,373
2003,11600,SKYSS- OG KOSTGODTGJØRELSE,"4,453"
2003,12000,INVENTAR OG UTSTYR,"130,702"
2003,12001,LÆREMIDLER,"83,249"
2003,12500,MATERIALER TIL VEDLIKEHOLD,"118,995"
2003,16000,BRUKERBETALING,"-611,037"
2003,16001,KOSTPENGER,"-32,760"
2003,17000,REFUSJON FRA STATEN,"-782,312"
2003,11620,SKYSS - AVGIFTSPLIKTIG,0
2004,10100,LØNN I FASTE STILLINGER,"1,678,741"
2004,10200,LØNN VIKARER,"58,441"
2004,10400,OVERTID,"1,907"
2004,10900,ARBEIDSGIVERS ANDEL KLP,"195,814"
2004,10990,ARBEIDSGIVERAVGIFT,"273,536"
2004,11000,KONTORMATERIELL,174
2004,11001,"AVISER, TIDSKRIFTER, FAGLITTERATUR OSV","2,761"
2004,11053,TEGNING FORMING,"1,431"
2004,11055,TEKSTILFORMING,"7,997"
2004,11058,SKOLEBIBLIOTEK,"1,447"
2004,11059,LEKER,"19,223"
2004,11100,MEDISINSKE FORBRUKSVARER,167
2004,11150,MATVARER,"1,110"
2004,11151,MATVARER M/REFUSJON,"40,258"
2004,11200,ANDRE DRIFTSUTGIFTER,"17,906"
2004,11202,ARBEIDSTØY/VERNEUTSTYR,"1,606"
2004,11301,TELEFON- OG KOMMUNIKASJON,770
2004,11800,STRØMUTGIFTER,"1,742"
2004,12000,INVENTAR OG UTSTYR,"198,042"
2004,12300,"BYGGETJENESTER, VEDLIKEHOLD INKL. MATR","133,043"
2004,12500,MATERIALER TIL VEDLIKEHOLD,"10,467"
2004,14290,UTGIFTSFØRT MERVERDIGAVGIFT,"96,813"
2004,16000,BRUKERBETALING,"-855,768"
2004,16001,KOSTPENGER,"-27,698"
2004,17000,REFUSJON FRA STATEN,"-1,530,721"
2004,17100,REFUSJON SYKEPENGER,"-162,365"
2004,17500,REFUSJON FRA ANDRE KOMMUNER,"-38,000"
2004,17290,REFUSJON MOMS PÅLØPT I DRIFTSREGNSKAPET,"-96,068"
2005,10100,LØNN I FASTE STILLINGER,"1,966,202"
2005,10101,LØNN PEDAGOGISK PERSONELL,"63,251"
2005,10200,LØNN VIKARER,"57,806"
2005,10400,OVERTID,256
2005,10900,ARBEIDSGIVERS ANDEL KLP,"205,435"
2005,10901,ARBEIDSGIVERS ANDEL PENSJON SPK,"21,692"
2005,10990,ARBEIDSGIVERAVGIFT,"327,019"
2005,11000,KONTORMATERIELL,"2,381"
2005,11001,"AVISER, TIDSKRIFTER, FAGLITTERATUR OSV",825
2005,11050,UNDERVISNINGSMATERIELL,377
2005,11053,TEGNING FORMING,784
2005,11055,TEKSTILFORMING,670
2005,11058,SKOLEBIBLIOTEK,818
2005,11059,LEKER,"35,103"
2005,11100,MEDISINSKE FORBRUKSVARER,562
2005,11150,MATVARER,"2,489"
2005,11151,MATVARER M/REFUSJON,"51,564"
2005,11200,ANDRE DRIFTSUTGIFTER,"19,437"
2005,11202,ARBEIDSTØY/VERNEUTSTYR,"1,436"
2005,11300,PORTO,341
2005,11301,TELEFON- OG KOMMUNIKASJON,675
2005,11500,KURS OG ANNEN OPPLÆRING,150
2005,11600,SKYSS- OG KOSTGODTGJØRELSE,"1,052"
2005,11800,STRØMUTGIFTER,830
2005,11950,"AVGIFTER, GEBYRER, LISENSER",920
2005,12000,INVENTAR OG UTSTYR,"137,470"
2005,12300,"BYGGETJENESTER, VEDLIKEHOLD INKL. MATR","93,255"
2005,12500,MATERIALER TIL VEDLIKEHOLD,"75,637"
2005,14290,UTGIFTSFØRT MERVERDIGAVGIFT,0
2005,16000,BRUKERBETALING,"-980,262"
2005,16001,KOSTPENGER,"-12,235"
2005,17000,REFUSJON FRA STATEN,"-1,533,608"
2005,17100,REFUSJON SYKEPENGER,"-26,817"
2005,17500,REFUSJON FRA ANDRE KOMMUNER,"-62,840"
2005,17290,REFUSJON MOMS PÅLØPT I DRIFTSREGNSKAPET,0
2006,10100,LØNN I FASTE STILLINGER,"2,316,046"
2006,10101,LØNN PEDAGOGISK PERSONELL,"76,252"
2006,10200,LØNN VIKARER,"166,141"
2006,10400,OVERTID,873
2006,10900,ARBEIDSGIVERS ANDEL KLP,"272,308"
2006,10901,ARBEIDSGIVERS ANDEL PENSJON SPK,"32,689"
2006,10990,ARBEIDSGIVERAVGIFT,"376,556"
2006,11000,KONTORMATERIELL,"1,365"
2006,11001,"AVISER, TIDSKRIFTER, FAGLITTERATUR OSV","1,270"
2006,11050,UNDERVISNINGSMATERIELL,0
2006,11052,FRITT SKOLEMATERIELL,609
2006,11053,TEGNING FORMING,94
2006,11055,TEKSTILFORMING,"5,414"
2006,11058,SKOLEBIBLIOTEK,0
2006,11059,LEKER,"29,962"
2006,11100,MEDISINSKE FORBRUKSVARER,786
2006,11150,MATVARER,936
2006,11151,MATVARER M/REFUSJON,"58,577"
2006,11200,ANDRE DRIFTSUTGIFTER,"18,765"
2006,11202,ARBEIDSTØY/VERNEUTSTYR,0
2006,11300,PORTO,480
2006,11301,TELEFON- OG KOMMUNIKASJON,644
2006,11500,KURS OG ANNEN OPPLÆRING,"4,673"
2006,11600,SKYSS- OG KOSTGODTGJØRELSE,242
2006,11701,SKYSS KOMMUNALE BRUKERE UTEN REFUSJON,"1,912"
2006,11800,STRØMUTGIFTER,0
2006,11950,"AVGIFTER, GEBYRER, LISENSER","3,319"
2006,12000,INVENTAR OG UTSTYR,"34,606"
2006,12001,LÆREMIDLER,0
2006,12300,"BYGGETJENESTER, VEDLIKEHOLD INKL. MATR","101,859"
2006,12500,MATERIALER TIL VEDLIKEHOLD,"17,898"
2006,13700,KJØP AV TJENESTER - PRIVATE,"13,450"
2006,14290,UTGIFTSFØRT MERVERDIGAVGIFT,824
2006,16000,BRUKERBETALING,"-836,551"
2006,16001,KOSTPENGER,"-3,600"
2006,16200,SALGSINNTEKTER U/MVA,"-8,675"
2006,17000,REFUSJON FRA STATEN,"-2,097,546"
2006,17100,REFUSJON SYKEPENGER,"-155,138"
2006,17110,REFUSJON FØDSELSPENGER,"-101,892"
2006,17500,REFUSJON FRA ANDRE KOMMUNER,"-50,000"
2007,10100,LØNN I FASTE STILLINGER,"2,950,497"
2007,10101,LØNN PEDAGOGISK PERSONELL,0
2007,10200,LØNN VIKARER,"108,624"
2007,10400,OVERTID,0
2007,10900,ARBEIDSGIVERS ANDEL KLP,"375,154"
2007,10901,ARBEIDSGIVERS ANDEL PENSJON SPK,"24,492"
2007,10990,ARBEIDSGIVERAVGIFT,"423,506"
2007,11000,KONTORMATERIELL,"3,771"
2007,11001,"AVISER, TIDSKRIFTER, FAGLITTERATUR OSV","1,800"
2007,11052,FRITT SKOLEMATERIELL,0
2007,11053,TEGNING FORMING,"2,326"
2007,11055,TEKSTILFORMING,"2,172"
2007,11059,LEKER,"6,818"
2007,11100,MEDISINSKE FORBRUKSVARER,"1,473"
2007,11150,MATVARER,997
2007,11151,MATVARER M/REFUSJON,"67,497"
2007,11200,ANDRE DRIFTSUTGIFTER,"16,261"
2007,11202,ARBEIDSTØY/VERNEUTSTYR,0
2007,11300,PORTO,0
2007,11301,TELEFON- OG KOMMUNIKASJON,582
2007,11500,KURS OG ANNEN OPPLÆRING,"1,150"
2007,11600,SKYSS- OG KOSTGODTGJØRELSE,0
2007,11701,SKYSS KOMMUNALE BRUKERE UTEN REFUSJON,"5,534"
2007,11950,"AVGIFTER, GEBYRER, LISENSER","2,884"
2007,12000,INVENTAR OG UTSTYR,"19,067"
2007,12001,LÆREMIDLER,"1,659"
2007,12300,"BYGGETJENESTER, VEDLIKEHOLD INKL. MATR","15,061"
2007,12500,MATERIALER TIL VEDLIKEHOLD,"6,647"
2007,13700,KJØP AV TJENESTER - PRIVATE,"31,789"
2007,14290,UTGIFTSFØRT MERVERDIGAVGIFT,0
2007,16000,BRUKERBETALING,"-900,385"
2007,16001,KOSTPENGER,"-1,080"
2007,16200,SALGSINNTEKTER U/MVA,"-11,130"
2007,17000,REFUSJON FRA STATEN,"-2,111,377"
2007,17100,REFUSJON SYKEPENGER,"-115,885"
2007,17110,REFUSJON FØDSELSPENGER,"-324,696"
2007,17500,REFUSJON FRA ANDRE KOMMUNER,0
2008,10100,LØNN I FASTE STILLINGER,"3,344,597"
2008,10108,IKKE FORDELT LØNNSBESPARELSE,0
2008,10200,LØNN VIKARER,"297,096"
2008,10900,ARBEIDSGIVERS ANDEL KLP,"415,547"
2008,10901,ARBEIDSGIVERS ANDEL PENSJON SPK,"26,215"
2008,10990,ARBEIDSGIVERAVGIFT,"528,476"
2008,11000,KONTORMATERIELL,586
2008,11001,"AVISER, TIDSKRIFTER, FAGLITTERATUR OSV","1,105"
2008,11050,UNDERVISNINGSMATERIELL,369
2008,11053,TEGNING FORMING,370
2008,11055,TEKSTILFORMING,"2,006"
2008,11059,LEKER,"4,168"
2008,11100,MEDISINSKE FORBRUKSVARER,301
2008,11150,MATVARER,394
2008,11151,MATVARER M/REFUSJON,"69,604"
2008,11200,ANDRE DRIFTSUTGIFTER,"11,903"
2008,11202,ARBEIDSTØY/VERNEUTSTYR,0
2008,11300,PORTO,560
2008,11301,TELEFON- OG KOMMUNIKASJON,"2,086"
2008,11500,KURS OG ANNEN OPPLÆRING,0
2008,11600,SKYSS- OG KOSTGODTGJØRELSE,0
2008,11701,SKYSS KOMMUNALE BRUKERE UTEN REFUSJON,"2,500"
2008,11900,"HUSLEIE, FESTEAVGIFTER M.V.","49,922"
2008,11950,"AVGIFTER, GEBYRER, LISENSER","2,038"
2008,12000,INVENTAR OG UTSTYR,"9,574"
2008,12001,LÆREMIDLER,0
2008,12300,"BYGGETJENESTER, VEDLIKEHOLD INKL. MATR","18,415"
2008,12500,MATERIALER TIL VEDLIKEHOLD,0
2008,13700,KJØP AV TJENESTER - PRIVATE,0
2008,16000,BRUKERBETALING,"-969,138"
2008,16001,KOSTPENGER,"-64,552"
2008,16200,SALGSINNTEKTER U/MVA,"-16,287"
2008,17000,REFUSJON FRA STATEN,"-2,611,685"
2008,17100,REFUSJON SYKEPENGER,"-333,421"
2008,17110,REFUSJON FØDSELSPENGER,"-129,735"
2009,10100,LØNN I FASTE STILLINGER,"4,582,432"
2009,10105,TILLEGG FORSKJØVET VAKT,"1,555"
2009,10200,LØNN VIKARER,"193,043"
2009,10201,LØNN VIKARER MED REFUSJON,"240,391"
2009,10400,OVERTID,"24,375"
2009,10804,VERNEOMBUD/HOVEDTILLITSVALGTE,"2,083"
2009,10900,ARBEIDSGIVERS ANDEL KLP,"631,072"
2009,10901,ARBEIDSGIVERS ANDEL PENSJON SPK,"8,156"
2009,10990,ARBEIDSGIVERAVGIFT,"712,387"
2009,11000,KONTORMATERIELL,"3,328"
2009,11001,"AVISER, TIDSKRIFTER, FAGLITTERATUR OSV","3,656"
2009,11050,UNDERVISNINGSMATERIELL,0
2009,11053,TEGNING FORMING,0
2009,11055,TEKSTILFORMING,473
2009,11058,SKOLEBIBLIOTEK,"1,588"
2009,11059,LEKER,"35,160"
2009,11100,MEDISINSKE FORBRUKSVARER,"1,296"
2009,11150,MATVARER,"4,596"
2009,11151,MATVARER M/REFUSJON,"115,587"
2009,11200,ANDRE DRIFTSUTGIFTER,"34,721"
2009,11202,ARBEIDSTØY/VERNEUTSTYR,0
2009,11203,UTGIFTSDEKNING - SOM IKKE ER OPPGAVEPL.,25
2009,11300,PORTO,141
2009,11301,TELEFON- OG KOMMUNIKASJON,"5,623"
2009,11500,KURS OG ANNEN OPPLÆRING,"7,563"
2009,11600,SKYSS- OG KOSTGODTGJØRELSE,"3,352"
2009,11650,KLESGODTGJØRELSE,"2,682"
2009,11651,TELEFONGODTGJØRELSE,500
2009,11701,SKYSS KOMMUNALE BRUKERE UTEN REFUSJON,509
2009,11900,"HUSLEIE, FESTEAVGIFTER M.V.","52,951"
2009,11950,"AVGIFTER, GEBYRER, LISENSER","2,162"
2009,12000,INVENTAR OG UTSTYR,"163,477"
2009,12001,LÆREMIDLER,0
2009,12200,KJØP/LEIE - MASKINER,"5,802"
2009,12300,"BYGGETJENESTER, VEDLIKEHOLD INKL. MATR",0
2009,13700,KJØP AV TJENESTER - PRIVATE,"47,147"
2009,16000,BRUKERBETALING,"-1,258,907"
2009,16001,KOSTPENGER,"-91,085"
2009,16200,SALGSINNTEKTER U/MVA,"-18,683"
2009,17000,REFUSJON FRA STATEN,"-3,673,796"
2009,17100,REFUSJON SYKEPENGER,"-350,835"
2009,17110,REFUSJON FØDSELSPENGER,"-305,842"
2009,17900,INTERNT SALG,"-286,000"
2010,10100,LØNN I FASTE STILLINGER,"6,160,610"
2010,10105,TILLEGG FORSKJØVET VAKT,"4,525"
2010,10200,LØNN VIKARER,"232,247"
2010,10201,LØNN VIKARER MED REFUSJON,"83,917"
2010,10300,EKSTRAHJELP,521
2010,10400,OVERTID,"23,678"
2010,10804,VERNEOMBUD/HOVEDTILLITSVALGTE,"5,000"
2010,10805,AVGIFTSPL TELEFONGODTGJØRELSE,"1,964"
2010,10900,ARBEIDSGIVERS ANDEL KLP,"871,616"
2010,10990,ARBEIDSGIVERAVGIFT,"895,190"
2010,11000,KONTORMATERIELL,"3,481"
2010,11001,"AVISER, TIDSKRIFTER, FAGLITTERATUR OSV","5,231"
2010,11050,UNDERVISNINGSMATERIELL,"3,071"
2010,11053,TEGNING FORMING,432
2010,11059,LEKER,"39,769"
2010,11100,MEDISINSKE FORBRUKSVARER,"1,428"
2010,11150,MATVARER,"20,692"
2010,11151,MATVARER M/REFUSJON,"154,913"
2010,11200,ANDRE DRIFTSUTGIFTER,"36,557"
2010,11201,VELFERDSMIDLER,0
2010,11203,UTGIFTSDEKNING - SOM IKKE ER OPPGAVEPL.,"1,169"
2010,11204,"KINO, TEATER - SKOLEKLASSER","3,000"
2010,11301,TELEFON- OG KOMMUNIKASJON,"3,576"
2010,11500,KURS OG ANNEN OPPLÆRING,"22,951"
2010,11600,SKYSS- OG KOSTGODTGJØRELSE,"5,466"
2010,11650,KLESGODTGJØRELSE,"14,274"
2010,11651,TELEFONGODTGJØRELSE,"1,000"
2010,11701,SKYSS KOMMUNALE BRUKERE UTEN REFUSJON,"6,965"
2010,11900,"HUSLEIE, FESTEAVGIFTER M.V.","39,740"
2010,11950,"AVGIFTER, GEBYRER, LISENSER",0
2010,12000,INVENTAR OG UTSTYR,"60,896"
2010,12100,"KJØP, LEIE OG LEASING AV TRANSPORTMIDLER","5,646"
2010,12200,LEIE AV DRIFTSMIDLER,"13,937"
2010,12303,SNØRYDDING,"6,000"
2010,12400,SERVICE OG DRIFTSAVTALER,"4,506"
2010,12401,REPARASJONER AV UTSTYR,960
2010,12500,MATERIALER TIL VEDLIKEHOLD,"8,000"
2010,13700,KJØP AV TJENESTER - PRIVATE,"416,250"
2010,14700,OVERFØRING - PRIVATE,"31,803"
2010,16000,BRUKERBETALING,"-1,628,801"
2010,16001,KOSTPENGER,"-119,734"
2010,16200,SALGSINNTEKTER U/MVA,"-30,577"
2010,17000,REFUSJON FRA STATEN,"-4,981,472"
2010,17100,REFUSJON SYKEPENGER,"-525,745"
2010,17110,REFUSJON FØDSELSPENGER,"-581,705"
2010,17500,REFUSJON FRA ANDRE KOMMUNER,"-44,000"
2011,10100,LØNN I FASTE STILLINGER,"6,020,684"
2011,10105,TILLEGG FORSKJØVET VAKT,"2,337"
2011,10200,LØNN VIKARER,"473,472"
2011,10201,LØNN VIKARER MED REFUSJON,"254,727"
2011,10300,EKSTRAHJELP,0
2011,10400,OVERTID,"29,315"
2011,10804,VERNEOMBUD/HOVEDTILLITSVALGTE,"5,000"
2011,10805,AVGIFTSPL TELEFONGODTGJØRELSE,92
2011,10900,ARBEIDSGIVERS ANDEL KLP,"888,974"
2011,10990,ARBEIDSGIVERAVGIFT,"936,752"
2011,11000,KONTORMATERIELL,"5,122"
2011,11001,"AVISER, TIDSKRIFTER, FAGLITTERATUR OSV","5,856"
2011,11050,UNDERVISNINGSMATERIELL,0
2011,11053,TEGNING FORMING,0
2011,11059,LEKER,"30,149"
2011,11100,MEDISINSKE FORBRUKSVARER,969
2011,11150,MATVARER,"34,245"
2011,11151,MATVARER M/REFUSJON,"142,474"
2011,11200,ANDRE DRIFTSUTGIFTER,"58,121"
2011,11201,VELFERDSMIDLER,0
2011,11203,UTGIFTSDEKNING - SOM IKKE ER OPPGAVEPL.,451
2011,11204,"KINO, TEATER - SKOLEKLASSER",0
2011,11301,FASTTELEFON- OG KOMMUNIKASJON,-831
2011,11303,MOBILTELEFON,"5,218"
2011,11403,REPRESENTASJON,864
2011,11500,KURS OG ANNEN OPPLÆRING,"11,299"
2011,11600,SKYSS- OG KOSTGODTGJØRELSE,"6,579"
2011,11650,KLESGODTGJØRELSE,"13,945"
2011,11651,TELEFONGODTGJØRELSE,833
2011,11701,SKYSS KOMMUNALE BRUKERE UTEN REFUSJON,"3,300"
2011,11900,"HUSLEIE, FESTEAVGIFTER M.V.","31,521"
2011,11950,"AVGIFTER, GEBYRER, LISENSER","6,509"
2011,12000,INVENTAR OG UTSTYR,"23,995"
2011,12100,"KJØP, LEIE OG LEASING AV TRANSPORTMIDLER",0
2011,12200,LEIE AV DRIFTSMIDLER,"9,792"
2011,12303,SNØRYDDING,0
2011,12400,SERVICE OG DRIFTSAVTALER,"1,114"
2011,12401,REPARASJONER AV UTSTYR,0
2011,12500,MATERIALER TIL VEDLIKEHOLD,0
2011,12700,KONSULENTTJENESTER,"104,396"
2011,13700,KJØP AV TJENESTER - PRIVATE,"173,747"
2011,14700,OVERFØRING - PRIVATE,"-2,490"
2011,16000,BRUKERBETALING,"-1,609,707"
2011,16001,KOSTPENGER,"-123,470"
2011,16200,SALGSINNTEKTER U/MVA,"-28,577"
2011,17000,REFUSJON FRA STATEN,"-37,428"
2011,17100,REFUSJON SYKEPENGER,"-577,020"
2011,17110,REFUSJON FØDSELSPENGER,"-424,425"
2011,17500,REFUSJON FRA ANDRE KOMMUNER,"-46,000"
2011,17700,REFUSJON FRA ANDRE,"-10,384"
2012,10100,LØNN I FASTE STILLINGER,"5,721,580"
2012,10105,TILLEGG FORSKJØVET VAKT,"4,328"
2012,10200,LØNN VIKARER,"886,258"
2012,10201,LØNN VIKARER MED REFUSJON,"185,932"
2012,10400,OVERTID,"39,572"
2012,10804,VERNEOMBUD/HOVEDTILLITSVALGTE,"4,583"
2012,10805,AVGIFTSPL TELEFONGODTGJØRELSE,0
2012,10900,ARBEIDSGIVERS ANDEL KLP,"950,902"
2012,10905,GRUPPELIVSFORSIKRING,"15,162"
2012,10990,ARBEIDSGIVERAVGIFT,"1,024,470"
2012,11000,KONTORMATERIELL,"9,829"
2012,11001,"AVISER, TIDSKRIFTER, FAGLITTERATUR OSV","2,304"
2012,11050,UNDERVISNINGSMATERIELL,"13,871"
2012,11051,LÆREBØKER,"4,306"
2012,11059,LEKER,"1,231"
2012,11100,MEDISINSKE FORBRUKSVARER,0
2012,11140,MEDIKAMENTER,"1,422"
2012,11150,MATVARER,"11,099"
2012,11151,MATVARER M/REFUSJON,"168,648"
2012,11200,ANDRE DRIFTSUTGIFTER,"52,853"
2012,11201,VELFERDSMIDLER,"15,347"
2012,11203,UTGIFTSDEKNING - SOM IKKE ER OPPGAVEPL.,0
2012,11205,GAVER OG PÅSKJØNNINGER,632
2012,11301,FASTTELEFON- OG KOMMUNIKASJON,"10,098"
2012,11303,MOBILTELEFON,"2,803"
2012,11403,REPRESENTASJON,0
2012,11500,KURS OG ANNEN OPPLÆRING,"31,089"
2012,11600,SKYSS- OG KOSTGODTGJØRELSE,"15,089"
2012,11650,KLESGODTGJØRELSE,"12,779"
2012,11651,TELEFONGODTGJØRELSE,"1,083"
2012,11701,SKYSS KOMMUNALE BRUKERE UTEN REFUSJON,0
2012,11851,PERSONFORSIKRINGER,"-15,162"
2012,11900,"HUSLEIE, FESTEAVGIFTER M.V.",0
2012,11950,"AVGIFTER, GEBYRER, LISENSER",0
2012,12000,INVENTAR OG UTSTYR,"32,374"
2012,12200,LEIE AV DRIFTSMIDLER,0
2012,12303,SNØRYDDING,0
2012,12400,SERVICE OG DRIFTSAVTALER,0
2012,12401,REPARASJONER AV UTSTYR,0
2012,12700,KONSULENTTJENESTER,"117,841"
2012,12702,HONORARER,"6,000"
2012,13700,KJØP AV TJENESTER - PRIVATE,0
2012,14700,OVERFØRING - PRIVATE,0
2012,14850,TAP PÅ KRAV/FORDRINGER,"24,536"
2012,16000,BRUKERBETALING,"-1,546,698"
2012,16001,KOSTPENGER,"-138,982"
2012,16200,SALGSINNTEKTER U/MVA,"-32,267"
2012,17000,REFUSJON FRA STATEN,"-26,490"
2012,17100,REFUSJON SYKEPENGER,"-341,498"
2012,17110,REFUSJON FØDSELSPENGER,"-217,368"
2012,17500,REFUSJON FRA ANDRE KOMMUNER,0
2012,17700,REFUSJON FRA ANDRE,0
2013,10100,LØNN I FASTE STILLINGER,"6,344,211"
2013,10105,TILLEGG FORSKJØVET VAKT,694
2013,10200,LØNN VIKARER,"416,166"
2013,10201,LØNN VIKARER MED REFUSJON,"181,028"
2013,10400,OVERTID,"15,732"
2013,10804,VERNEOMBUD/HOVEDTILLITSVALGTE,"5,000"
2013,10900,ARBEIDSGIVERS ANDEL KLP,"983,327"
2013,10905,GRUPPELIVSFORSIKRING,"15,672"
2013,10990,ARBEIDSGIVERAVGIFT,"993,700"
2013,11000,KONTORMATERIELL,"5,222"
2013,11001,"AVISER, TIDSKRIFTER, FAGLITTERATUR OSV","4,275"
2013,11050,UNDERVISNINGSMATERIELL,0
2013,11051,LÆREBØKER,0
2013,11059,LEKER,"38,301"
2013,11100,MEDISINSKE FORBRUKSVARER,0
2013,11140,MEDIKAMENTER,0
2013,11150,MATVARER,"24,972"
2013,11151,MATVARER M/REFUSJON,"151,658"
2013,11200,ANDRE DRIFTSUTGIFTER,"40,368"
2013,11201,VELFERDSMIDLER,0
2013,11203,UTGIFTSDEKNING - SOM IKKE ER OPPGAVEPL.,268
2013,11205,GAVER OG PÅSKJØNNINGER,685
2013,11301,FASTTELEFON- OG KOMMUNIKASJON,"5,569"
2013,11303,MOBILTELEFON,"7,568"
2013,11500,KURS OG ANNEN OPPLÆRING,"8,547"
2013,11600,SKYSS- OG KOSTGODTGJØRELSE,"10,051"
2013,11650,KLESGODTGJØRELSE,"11,899"
2013,11651,TELEFONGODTGJØRELSE,"1,000"
2013,11701,SKYSS KOMMUNALE BRUKERE UTEN REFUSJON,"1,800"
2013,11851,PERSONFORSIKRINGER,"-15,672"
2013,11950,"AVGIFTER, GEBYRER, LISENSER",690
2013,12000,INVENTAR OG UTSTYR,"70,406"
2013,12200,LEIE AV DRIFTSMIDLER,"6,340"
2013,12303,SNØRYDDING,0
2013,12400,SERVICE OG DRIFTSAVTALER,580
2013,12401,REPARASJONER AV UTSTYR,0
2013,12700,KONSULENTTJENESTER,"594,610"
2013,12702,HONORARER,0
2013,14850,TAP PÅ KRAV/FORDRINGER,0
2013,16000,BRUKERBETALING U/MVA,"-1,549,494"
2013,16001,KOSTPENGER,"-151,335"
2013,16200,SALGSINNTEKTER U/MVA,"-31,657"
2013,17000,REFUSJON FRA STATEN,"-11,639"
2013,17100,REFUSJON SYKEPENGER,"-955,079"
2013,17110,REFUSJON FØDSELSPENGER,"-83,744"
2014,10100,LØNN I FASTE STILLINGER,"6,823,114"
2014,10105,TILLEGG FORSKJØVET VAKT,"1,497"
2014,10200,LØNN VIKARER,"329,789"
2014,10201,LØNN VIKARER MED REFUSJON,"238,311"
2014,10400,OVERTID,"40,921"
2014,10804,VERNEOMBUD/HOVEDTILLITSVALGTE,"5,000"
2014,10900,ARBEIDSGIVERS ANDEL KLP,"1,035,945"
2014,10905,GRUPPELIVSFORSIKRING,"19,676"
2014,10990,ARBEIDSGIVERAVGIFT,"1,036,560"
2014,11000,KONTORMATERIELL,"10,169"
2014,11001,"AVISER, TIDSKRIFTER, FAGLITTERATUR OSV","10,199"
2014,11050,UNDERVISNINGSMATERIELL,"3,375"
2014,11051,LÆREBØKER,"2,343"
2014,11053,TEGNING FORMING,"1,631"
2014,11059,LEKER,"4,591"
2014,11100,MEDISINSKE FORBRUKSVARER,0
2014,11150,MATVARER,"11,124"
2014,11151,MATVARER M/REFUSJON,"141,771"
2014,11200,ANDRE DRIFTSUTGIFTER,"32,573"
2014,11201,VELFERDSMIDLER,"7,250"
2014,11203,UTGIFTSDEKNING - SOM IKKE ER OPPGAVEPL.,0
2014,11205,GAVER OG PÅSKJØNNINGER,"1,334"
2014,11301,FASTTELEFON- OG KOMMUNIKASJON,0
2014,11303,MOBILTELEFON,"5,864"
2014,11500,KURS OG ANNEN OPPLÆRING,"37,626"
2014,11600,SKYSS- OG KOSTGODTGJØRELSE ( OPPGAVEPLIK,"1,833"
2014,11650,KLESGODTGJØRELSE,"11,546"
2014,11651,TELEFONGODTGJØRELSE,"1,133"
2014,11701,SKYSS KOMMUNALE BRUKERE UTEN REFUSJON,"1,852"
2014,11851,PERSONFORSIKRINGER,"-19,676"
2014,11950,"AVGIFTER, GEBYRER, LISENSER","1,744"
2014,12000,INVENTAR OG UTSTYR,"16,822"
2014,12200,LEIE AV DRIFTSMIDLER,"6,380"
2014,12303,SNØRYDDING,0
2014,12400,SERVICE OG DRIFTSAVTALER,"5,661"
2014,12401,REPARASJONER AV UTSTYR,0
2014,12700,KONSULENTTJENESTER,"584,650"
2014,13700,KJØP AV TJENESTER - PRIVATE,"35,333"
2014,16000,BRUKERBETALING,"-1,584,161"
2014,16001,KOSTPENGER,"-158,326"
2014,16200,SALGSINNTEKTER U/MVA,"-28,857"
2014,17000,REFUSJON FRA STATEN,"-39,833"
2014,17002,REFUSJON LÆRLINGER,"-3,758"
2014,17003,ØREMERKEDE TILSKUDD,"-4,300"
2014,17100,REFUSJON SYKEPENGER,"-816,452"
2014,17110,REFUSJON FØDSELSPENGER,"-286,494"
2015,10100,LØNN I FASTE STILLINGER,"6,073,030"
2015,10105,TILLEGG FORSKJØVET VAKT,385
2015,10200,LØNN VIKARER,"317,352"
2015,10201,LØNN VIKARER MED REFUSJON,"102,070"
2015,10400,OVERTID,"37,117"
2015,10505,KLESGODTGJØRELSE,"9,722"
2015,10506,TELEFONGODTGJØRELSE/ FRI TELEFON,"1,000"
2015,10804,VERNEOMBUD/HOVEDTILLITSVALGTE,"11,000"
2015,10900,ARBEIDSGIVERS ANDEL KLP,"936,111"
2015,10905,GRUPPELIVSFORSIKRING,"13,093"
2015,10990,ARBEIDSGIVERAVGIFT,"916,802"
2015,11000,KONTORMATERIELL,"6,610"
2015,11001,"AVISER, TIDSKRIFTER, FAGLITTERATUR OSV","6,676"
2015,11050,UNDERVISNINGSMATERIELL,0
2015,11051,LÆREBØKER,"4,010"
2015,11053,TEGNING FORMING,"6,155"
2015,11059,LEKER,"50,054"
2015,11100,MEDISINSKE FORBRUKSVARER,0
2015,11150,MATVARER,"13,159"
2015,11151,MATVARER M/REFUSJON,"126,327"
2015,11200,ANDRE DRIFTSUTGIFTER,"24,957"
2015,11201,VELFERDSMIDLER,0
2015,11203,UTGIFTSDEKNING - SOM IKKE ER OPPGAVEPL.,839
2015,11205,GAVER OG PÅSKJØNNINGER,"4,877"
2015,11300,PORTO,96
2015,11301,FASTTELEFON- OG KOMMUNIKASJON,0
2015,11303,MOBILTELEFON,"5,505"
2015,11500,KURS OG ANNEN OPPLÆRING,"21,360"
2015,11600,SKYSS- OG KOSTGODTGJØRELSE ( OPPGAVEPLIK,"8,645"
2015,11650,KLESGODTGJØRELSE,0
2015,11651,TELEFONGODTGJØRELSE,0
2015,11700,TRANSP/DRIFT AV EGNE OG LEIDE TRANSPORTM,"1,847"
2015,11701,SKYSS KOMMUNALE BRUKERE UTEN REFUSJON,"7,037"
2015,11851,PERSONFORSIKRINGER,"-13,093"
2015,11950,"AVGIFTER, GEBYRER, LISENSER","8,779"
2015,12000,INVENTAR OG UTSTYR,"19,291"
2015,12200,LEIE AV DRIFTSMIDLER,0
2015,12303,SNØRYDDING,0
2015,12400,SERVICE OG DRIFTSAVTALER,"10,232"
2015,12401,REPARASJONER AV UTSTYR,0
2015,12700,KONSULENTTJENESTER,"458,528"
2015,13700,KJØP AV TJENESTER - PRIVATE,200
2015,16000,BRUKERBETALING,"-1,450,647"
2015,16001,KOSTPENGER,"-143,269"
2015,16200,SALGSINNTEKTER U/MVA,"-19,175"
2015,17000,REFUSJON FRA STATEN,"-28,000"
2015,17002,REFUSJON LÆRLINGER,0
2015,17003,ØREMERKEDE TILSKUDD,0
2015,17100,REFUSJON SYKEPENGER,"-278,086"
2015,17110,REFUSJON FØDSELSPENGER,"-565,453"
2015,17700,REFUSJON FRA ANDRE,"-5,000"
2016,10100,LØNN I FASTE STILLINGER,"4,417,569"
2016,10105,TILLEGG FORSKJØVET VAKT,0
2016,10200,LØNN VIKARER,"138,274"
2016,10201,LØNN VIKARER MED REFUSJON,"95,439"
2016,10400,OVERTID,"25,794"
2016,10500,ANNEN LØNN,61
2016,10505,KLESGODTGJØRELSE,"7,478"
2016,10506,TELEFONGODTGJØRELSE/ FRI TELEFON,"1,000"
2016,10508,KILOMETERGODTGJØRELSE AVG.PLIKTIG,502
2016,10804,VERNEOMBUD/HOVEDTILLITSVALGTE,"5,576"
2016,10900,ARBEIDSGIVERS ANDEL KLP,"667,598"
2016,10905,GRUPPELIVSFORSIKRING,"9,348"
2016,10990,ARBEIDSGIVERAVGIFT,"713,651"
2016,11000,KONTORMATERIELL,"7,439"
2016,11001,"AVISER, TIDSKRIFTER, FAGLITTERATUR OSV","4,635"
2016,11050,UNDERVISNINGSMATERIELL,0
2016,11051,LÆREBØKER,"2,091"
2016,11053,TEGNING FORMING,"5,299"
2016,11059,LEKER,506
2016,11100,MEDISINSKE FORBRUKSVARER,0
2016,11150,MATVARER,"10,708"
2016,11151,MATVARER M/REFUSJON,"101,020"
2016,11200,ANDRE DRIFTSUTGIFTER,"16,962"
2016,11201,VELFERDSMIDLER,0
2016,11203,UTGIFTSDEKNING - SOM IKKE ER OPPGAVEPL.,0
2016,11205,GAVER OG PÅSKJØNNINGER,300
2016,11300,PORTO,0
2016,11303,MOBILTELEFON,"3,759"
2016,11500,KURS OG ANNEN OPPLÆRING,"38,664"
2016,11600,SKYSS- OG KOSTGODTGJØRELSE ( OPPGAVEPLIK,"7,767"
2016,11700,TRANSP/DRIFT AV EGNE OG LEIDE TRANSPORTM,202
2016,11701,SKYSS KOMMUNALE BRUKERE UTEN REFUSJON,"3,560"
2016,11851,PERSONFORSIKRINGER,"-9,348"
2016,11950,"AVGIFTER, GEBYRER, LISENSER","8,490"
2016,12000,INVENTAR OG UTSTYR,"33,015"
2016,12300,"BYGGETJENESTER, VEDLIKEHOLD INKL. MATR","6,600"
2016,12303,SNØRYDDING,0
2016,12400,SERVICE OG DRIFTSAVTALER,"8,222"
2016,12401,REPARASJONER AV UTSTYR,0
2016,12700,KONSULENTTJENESTER,"54,605"
2016,13700,KJØP AV TJENESTER - PRIVATE,0
2016,16000,BRUKERBETALING,"-1,197,709"
2016,16001,KOSTPENGER,"-117,461"
2016,16200,SALGSINNTEKTER U/MVA,"-18,622"
2016,17000,REFUSJON FRA STATEN,"-7,680"
2016,17100,REFUSJON SYKEPENGER,"-346,753"
2016,17110,REFUSJON FØDSELSPENGER,"4,279"
2016,17700,REFUSJON FRA ANDRE,"-3,000"
2017,10100,LØNN I FASTE STILLINGER,"4,412,586"
2017,10105,TILLEGG FORSKJØVET VAKT,0
2017,10200,LØNN VIKARER,"114,060"
2017,10201,LØNN VIKARER MED REFUSJON,"237,576"
2017,10400,OVERTID,"23,821"
2017,10500,ANNEN LØNN,294
2017,10505,KLESGODTGJØRELSE,"7,654"
2017,10506,TELEFONGODTGJØRELSE/ FRI TELEFON,"2,417"
2017,10508,KILOMETERGODTGJØRELSE AVG.PLIKTIG,324
2017,10509,VERNEOMBUD/HOVEDTILLITSVALGTE,"3,750"
2017,10804,VERNEOMBUD/HOVEDTILLITSVALGTE,0
2017,10900,ARBEIDSGIVERS ANDEL KLP,"655,182"
2017,10905,GRUPPELIVSFORSIKRING,"9,878"
2017,10990,ARBEIDSGIVERAVGIFT,"728,886"
2017,11000,KONTORMATERIELL,"5,015"
2017,11001,"AVISER, TIDSKRIFTER, FAGLITTERATUR OSV","5,051"
2017,11050,UNDERVISNINGSMATERIELL,726
2017,11051,LÆREBØKER,"5,136"
2017,11053,TEGNING FORMING,"1,311"
2017,11059,LEKER,"35,300"
2017,11100,MEDISINSKE FORBRUKSVARER,95
2017,11150,MATVARER,"9,620"
2017,11151,MATVARER M/REFUSJON,"99,917"
2017,11200,ANDRE DRIFTSUTGIFTER,"18,991"
2017,11201,VELFERDSMIDLER,0
2017,11203,UTGIFTSDEKNING - SOM IKKE ER OPPGAVEPL.,0
2017,11205,GAVER OG PÅSKJØNNINGER,0
2017,11300,PORTO,70
2017,11303,MOBILTELEFON,"3,289"
2017,11500,KURS OG ANNEN OPPLÆRING,"9,589"
2017,11600,SKYSS- OG KOSTGODTGJØRELSE ( OPPGAVEPLIK,"1,976"
2017,11700,TRANSP/DRIFT AV EGNE OG LEIDE TRANSPORTM,"1,379"
2017,11701,SKYSS KOMMUNALE BRUKERE UTEN REFUSJON,"3,600"
2017,11851,PERSONFORSIKRINGER,"-9,878"
2017,11950,"AVGIFTER, GEBYRER, LISENSER","3,676"
2017,12000,INVENTAR OG UTSTYR,"23,822"
2017,12001,LÆREMIDLER,523
2017,12300,"BYGGETJENESTER, VEDLIKEHOLD INKL. MATR",619
2017,12303,SNØRYDDING,0
2017,12400,SERVICE OG DRIFTSAVTALER,"12,789"
2017,12401,REPARASJONER AV UTSTYR,0
2017,12700,KONSULENTTJENESTER,"13,057"
2017,16000,BRUKERBETALING,"-1,169,501"
2017,16001,KOSTPENGER,"-114,472"
2017,16200,SALGSINNTEKTER U/MVA,"-18,697"
2017,17000,REFUSJON FRA STATEN,"-22,400"
2017,17100,REFUSJON SYKEPENGER,"-256,325"
2017,17110,REFUSJON FØDSELSPENGER,0
2017,17700,REFUSJON FRA ANDRE,0
2018,10100,LØNN I FASTE STILLINGER,"4,705,723"
2018,10105,TILLEGG FORSKJØVET VAKT,83
2018,10200,LØNN VIKARER,"157,516"
2018,10201,LØNN VIKARER MED REFUSJON,"277,911"
2018,10400,OVERTID,"29,617"
2018,10500,ANNEN LØNN,0
2018,10505,KLESGODTGJØRELSE,"7,603"
2018,10506,TELEFONGODTGJØRELSE/ FRI TELEFON,"2,000"
2018,10508,KILOMETERGODTGJØRELSE AVG.PLIKTIG,696
2018,10509,VERNEOMBUD/HOVEDTILLITSVALGTE,"9,000"
2018,10900,ARBEIDSGIVERS ANDEL KLP,"701,797"
2018,10905,GRUPPELIVSFORSIKRING,"9,861"
2018,10990,ARBEIDSGIVERAVGIFT,"764,570"
2018,11000,KONTORMATERIELL,"4,479"
2018,11001,"AVISER, TIDSKRIFTER, FAGLITTERATUR OSV","4,634"
2018,11050,UNDERVISNINGSMATERIELL,126
2018,11051,LÆREBØKER,"2,416"
2018,11053,TEGNING FORMING,"2,349"
2018,11059,LEKER,"32,208"
2018,11100,MEDISINSKE FORBRUKSVARER,0
2018,11150,MATVARER,"7,085"
2018,11151,MATVARER M/REFUSJON,"111,112"
2018,11200,ANDRE DRIFTSUTGIFTER,"38,278"
2018,11201,VELFERDSMIDLER,0
2018,11203,UTGIFTSDEKNING - SOM IKKE ER OPPGAVEPL.,390
2018,11205,GAVER OG PÅSKJØNNINGER,"6,585"
2018,11300,PORTO,0
2018,11303,MOBILTELEFON,"3,828"
2018,11500,KURS OG ANNEN OPPLÆRING,"55,578"
2018,11600,SKYSS- OG KOSTGODTGJØRELSE ( OPPGAVEPLIK,"4,552"
2018,11700,TRANSP/DRIFT AV EGNE OG LEIDE TRANSPORTM,"4,832"
2018,11701,SKYSS KOMMUNALE BRUKERE UTEN REFUSJON,"5,700"
2018,11851,PERSONFORSIKRINGER,"-9,861"
2018,11950,"AVGIFTER, GEBYRER, LISENSER","4,944"
2018,12000,INVENTAR OG UTSTYR,"86,555"
2018,12001,LÆREMIDLER,0
2018,12300,"BYGGETJENESTER, VEDLIKEHOLD INKL. MATR",0
2018,12303,SNØRYDDING,0
2018,12400,SERVICE OG DRIFTSAVTALER,"11,005"
2018,12401,REPARASJONER AV UTSTYR,0
2018,12700,KONSULENTTJENESTER,"32,721"
2018,13700,KJØP AV TJENESTER - PRIVATE,"1,340"
2018,16000,BRUKERBETALING,"-1,085,988"
2018,16001,KOSTPENGER,"-105,324"
2018,16200,SALGSINNTEKTER U/MVA,"-21,097"
2018,17000,REFUSJON FRA STATEN,"-38,700"
2018,17100,REFUSJON SYKEPENGER,"-587,776"
2018,17110,REFUSJON FØDSELSPENGER,"-50,639"
2019,10100,LØNN I FASTE STILLINGER,"4,608,507"
2019,10105,TILLEGG FORSKJØVET VAKT,"1,224"
2019,10108,IKKE FORDELT LØNNSBESPARELSE,0
2019,10200,LØNN VIKARER,"168,652"
2019,10201,LØNN VIKARER MED REFUSJON,"239,285"
2019,10202,LØNN VIKARER FERIE,0
2019,10400,OVERTID,"44,054"
2019,10500,ANNEN LØNN,0
2019,10505,KLESGODTGJØRELSE,"7,910"
2019,10506,TELEFONGODTGJØRELSE/ FRI TELEFON,"1,583"
2019,10508,KILOMETERGODTGJØRELSE AVG.PLIKTIG,413
2019,10509,VERNEOMBUD/HOVEDTILLITSVALGTE,"8,659"
2019,10900,ARBEIDSGIVERS ANDEL KLP,"683,350"
2019,10905,GRUPPELIVSFORSIKRING,"7,279"
2019,10990,ARBEIDSGIVERAVGIFT,"731,545"
2019,11000,KONTORMATERIELL,"4,133"
2019,11001,"AVISER, TIDSKRIFTER, FAGLITTERATUR OSV","1,104"
2019,11050,UNDERVISNINGSMATERIELL,0
2019,11051,LÆREBØKER,"6,660"
2019,11053,TEGNING FORMING,"2,759"
2019,11059,LEKER,"34,992"
2019,11100,MEDISINSKE FORBRUKSVARER,0
2019,11150,MATVARER,"13,304"
2019,11151,MATVARER M/REFUSJON,"107,272"
2019,11200,ANDRE DRIFTSUTGIFTER,"27,140"
2019,11201,VELFERDSMIDLER,0
2019,11203,UTGIFTSDEKNING - SOM IKKE ER OPPGAVEPL.,380
2019,11205,GAVER OG PÅSKJØNNINGER,"6,910"
2019,11303,MOBILTELEFON,"3,970"
2019,11500,KURS OG ANNEN OPPLÆRING,0
2019,11600,SKYSS- OG KOSTGODTGJØRELSE ( OPPGAVEPLIK,"2,727"
2019,11700,TRANSP/DRIFT AV EGNE OG LEIDE TRANSPORTM,693
2019,11701,SKYSS KOMMUNALE BRUKERE UTEN REFUSJON,"2,200"
2019,11851,PERSONFORSIKRINGER,"-7,279"
2019,11950,"AVGIFTER, GEBYRER, LISENSER","4,215"
2019,12000,INVENTAR OG UTSTYR,"45,551"
2019,12300,"BYGGETJENESTER, VEDLIKEHOLD INKL. MATR","16,198"
2019,12303,SNØRYDDING,0
2019,12400,SERVICE OG DRIFTSAVTALER,"10,755"
2019,12401,REPARASJONER AV UTSTYR,0
2019,12700,KONSULENTTJENESTER,0
2019,13700,KJØP AV TJENESTER - PRIVATE,270
2019,16000,BRUKERBETALING,"-1,018,989"
2019,16001,KOSTPENGER,"-97,333"
2019,16200,SALGSINNTEKTER U/MVA,"-18,092"
2019,17000,REFUSJON FRA STATEN,"-7,800"
2019,17100,REFUSJON SYKEPENGER,"-476,364"
2019,17110,REFUSJON FØDSELSPENGER,"-1,209"
2020,10100,Fastlønn,"4,851,547"
2020,10101,Fastlønn lærere,"1,618"
2020,10200,Lønn sykevikarer,"202,146"
2020,10203,Vikar svangerskapspermisjon,"16,763"
2020,10204,Ferievikarer,0
2020,10205,Vikar lønnet permisjon,"4,691"
2020,10299,Periodisert lønn - HRM rapport,0
2020,10300,"Lønn ekstrahjelp, engasjement","3,205"
2020,10400,Overtid,"40,891"
2020,10500,Annen lønn og godtgjørelse,"12,287"
2020,10502,Godtgjørelse elektronisk kommunikasjon,"4,026"
2020,10599,Motkonto elektronisk kommunikasjon,"-4,026"
2020,10901,Pensjon øvrige ansatte KLP 18,"694,125"
2020,10902,Pensjon undervisningspersonell SPK,411
2020,10903,Kollektiv gruppeliv og ulykkesforsikring,"9,447"
2020,10990,Arbeidsgiveravgift,"649,863"
2020,11000,Kontormateriell,"9,728"
2020,11001,Abonnementer og aviser,"2,919"
2020,11050,Undervisningsmateriell,"4,328"
2020,11051,Matvarer til undervisning,0
2020,11052,Lærebøker uten moms,0
2020,11100,Medisinsk forbruksmateriell,"5,932"
2020,11150,Mat,"29,474"
2020,11200,Andre driftsutgifter,"13,262"
2020,11302,Telefonutgifter/elektronisk kommunikasjon,"6,011"
2020,11500,"Opplæring, kurs",0
2020,11600,Skyss- og kostgodtgjørelse,0
2020,11700,Driftsutgifter transportmidler,0
2020,11701,Reiseutgifter,0
2020,11702,Skyss elever og brukere,0
2020,11851,Personforsikring,"3,020"
2020,11950,"Avgifter, gebyrer, lisenser o.l.","8,277"
2020,12000,"Kjøp inventar, utstyr, driftsmidler","19,563"
2020,12400,Driftsavtaler/reparasjoner/vaktmestertjenester,"10,740"
2020,12700,Konsulent- og vikartjenester,"648,154"
2020,14290,Momskompensasjon,"21,089"
2020,14500,Overføring til kommuner,0
2020,16000,Brukerbetaling kommunale tjenester,"-1,281,421"
2020,16201,Kostpenger,"-36,802"
2020,17000,Refusjon fra staten,0
2020,17100,Refusjon sykelønn,"-740,786"
2020,17101,Refusjon foreldrepenger,"-232,999"
2020,17290,Kompensasjon for merverdiavgift,"-21,089"
2020,17700,Refusjon fra andre (private),"-16,905"
2020,18900,Overføringer fra andre (private),"-1,042"
2020,19500,Bruk av bundne fond,0
2021,10100,Fastlønn,"4,406,772"
2021,10101,Fastlønn lærere,0
2021,10200,Lønn sykevikarer,"256,231"
2021,10203,Vikar svangerskapspermisjon,0
2021,10204,Ferievikarer,"36,070"
2021,10205,Vikar lønnet permisjon,"30,558"
2021,10299,Periodisert lønn - HRM rapport,0
2021,10300,"Lønn ekstrahjelp, engasjement","7,433"
2021,10400,Overtid,"3,470"
2021,10500,Annen lønn og godtgjørelse,"9,111"
2021,10502,Godtgjørelse elektronisk kommunikasjon,"4,026"
2021,10599,Motkonto elektronisk kommunikasjon,"-4,026"
2021,10901,Pensjon øvrige ansatte KLP 18,"1,053,990"
2021,10902,Pensjon undervisningspersonell SPK,0
2021,10903,Kollektiv gruppeliv og ulykkesforsikring,"8,759"
2021,10990,Arbeidsgiveravgift,"722,463"
2021,11000,Kontormateriell,"1,541"
2021,11001,Abonnementer og aviser,"3,166"
2021,11050,Undervisningsmateriell,"9,852"
2021,11051,Matvarer til undervisning,291
2021,11052,Lærebøker uten moms,0
2021,11100,Medisinsk forbruksmateriell,"5,804"
2021,11150,Mat,"28,244"
2021,11200,Andre driftsutgifter,"22,379"
2021,11302,Telefonutgifter/elektronisk kommunikasjon,"7,269"
2021,11500,"Opplæring, kurs","2,982"
2021,11600,Skyss- og kostgodtgjørelse,0
2021,11700,Driftsutgifter transportmidler,274
2021,11701,Reiseutgifter,761
2021,11702,Skyss elever og brukere,0
2021,11851,Personforsikring,"2,210"
2021,11950,"Avgifter, gebyrer, lisenser o.l.","6,662"
2021,12000,"Kjøp inventar, utstyr, driftsmidler","17,474"
2021,12400,Driftsavtaler/reparasjoner/vaktmestertjenester,"12,732"
2021,12700,Konsulent- og vikartjenester,"663,468"
2021,14290,Momskompensasjon,"23,546"
2021,14500,Overføring til kommuner,0
2021,16000,Brukerbetaling kommunale tjenester,"-1,271,651"
2021,16201,Kostpenger,"-39,220"
2021,17000,Refusjon fra staten,"-7,642"
2021,17100,Refusjon sykelønn,"-693,118"
2021,17101,Refusjon foreldrepenger,"-1,108"
2021,17290,Kompensasjon for merverdiavgift,"-23,546"
2021,17700,Refusjon fra andre (private),"-3,300"
2021,18900,Overføringer fra andre (private),-339
2021,19500,Bruk av bundne fond,0
2022,10100,Fastlønn,"4,350,304"
2022,10101,Fastlønn lærere,0
2022,10200,Lønn sykevikarer,"171,122"
2022,10203,Vikar svangerskapspermisjon,"33,443"
2022,10204,Ferievikarer,"6,125"
2022,10205,Vikar lønnet permisjon,"9,240"
2022,10299,Periodisert lønn - HRM rapport,0
2022,10300,"Lønn ekstrahjelp, engasjement","15,283"
2022,10400,Overtid,"110,914"
2022,10500,Annen lønn og godtgjørelse,"26,296"
2022,10502,Godtgjørelse elektronisk kommunikasjon,"4,392"
2022,10599,Motkonto elektronisk kommunikasjon,"-4,392"
2022,10901,Pensjon øvrige ansatte KLP 18,"907,626"
2022,10902,Pensjon undervisningspersonell SPK,0
2022,10903,Kollektiv gruppeliv og ulykkesforsikring,"7,620"
2022,10990,Arbeidsgiveravgift,"686,320"
2022,11000,Kontormateriell,"4,641"
2022,11001,Abonnementer og aviser,"1,800"
2022,11050,Undervisningsmateriell,"11,176"
2022,11051,Matvarer til undervisning,"3,401"
2022,11052,Lærebøker uten moms,"1,277"
2022,11100,Medisinsk forbruksmateriell,"6,976"
2022,11150,Mat,"104,592"
2022,11200,Andre driftsutgifter,"45,148"
2022,11302,Telefonutgifter/elektronisk kommunikasjon,"10,141"
2022,11500,"Opplæring, kurs","1,900"
2022,11600,Skyss- og kostgodtgjørelse,"5,392"
2022,11700,Driftsutgifter transportmidler,128
2022,11701,Reiseutgifter,"6,000"
2022,11702,Skyss elever og brukere,0
2022,11851,Personforsikring,"2,573"
2022,11950,"Avgifter, gebyrer, lisenser o.l.","8,211"
2022,12000,"Kjøp inventar, utstyr, driftsmidler","10,692"
2022,12400,Driftsavtaler/reparasjoner/vaktmestertjenester,"3,970"
2022,12700,Konsulent- og vikartjenester,"1,261,781"
2022,14290,Momskompensasjon,"42,721"
2022,14500,Overføring til kommuner,0
2022,16000,Brukerbetaling kommunale tjenester,"-1,172,000"
2022,16201,Kostpenger,"-102,872"
2022,17000,Refusjon fra staten,"-55,773"
2022,17100,Refusjon sykelønn,"-681,436"
2022,17101,Refusjon foreldrepenger,"-60,627"
2022,17290,Kompensasjon for merverdiavgift,"-42,721"
2022,17700,Refusjon fra andre (private),"-10,086"
2022,18900,Overføringer fra andre (private),0
2022,19500,Bruk av bundne fond,"-20,234"
2023,10100,Fastlønn,"5,914,543"
2023,10101,Fastlønn lærere,0
2023,10200,Lønn sykevikarer,"146,292"
2023,10203,Vikar svangerskapspermisjon,"42,952"
2023,10204,Ferievikarer,"1,513"
2023,10205,Vikar lønnet permisjon,0
2023,10299,Periodisert lønn - HRM rapport,"-9,820"
2023,10300,"Lønn ekstrahjelp, engasjement","18,468"
2023,10400,Overtid,"94,144"
2023,10500,Annen lønn og godtgjørelse,"9,644"
2023,10502,Godtgjørelse elektronisk kommunikasjon,"4,392"
2023,10599,Motkonto elektronisk kommunikasjon,"-4,392"
2023,10901,Pensjon øvrige ansatte KLP 18,"1,593,310"
2023,10902,Pensjon undervisningspersonell SPK,0
2023,10903,Kollektiv gruppeliv og ulykkesforsikring,"9,836"
2023,10990,Arbeidsgiveravgift,"844,514"
2023,11000,Kontormateriell,"7,539"
2023,11001,Abonnementer og aviser,"9,494"
2023,11050,Undervisningsmateriell,"15,739"
2023,11051,Matvarer til undervisning,"11,549"
2023,11052,Lærebøker uten moms,"1,681"
2023,11100,Medisinsk forbruksmateriell,"19,538"
2023,11150,Mat,"96,316"
2023,11200,Andre driftsutgifter,"51,892"
2023,11302,Telefonutgifter/elektronisk kommunikasjon,"12,038"
2023,11500,"Opplæring, kurs","40,461"
2023,11600,Skyss- og kostgodtgjørelse,"1,904"
2023,11700,Driftsutgifter transportmidler,263
2023,11701,Reiseutgifter,"4,919"
2023,11702,Skyss elever og brukere,"4,425"
2023,11851,Personforsikring,"3,291"
2023,11950,"Avgifter, gebyrer, lisenser o.l.","11,305"
2023,12000,"Kjøp inventar, utstyr, driftsmidler","26,960"
2023,12400,Driftsavtaler/reparasjoner/vaktmestertjenester,0
2023,12700,Konsulent- og vikartjenester,"1,628,664"
2023,14290,Momskompensasjon,"50,029"
2023,14500,Overføring til kommuner,"-50,000"
2023,16000,Brukerbetaling kommunale tjenester,"-1,057,500"
2023,16201,Kostpenger,"-114,800"
2023,17000,Refusjon fra staten,0
2023,17100,Refusjon sykelønn,"-1,304,127"
2023,17101,Refusjon foreldrepenger,"-561,496"
2023,17290,Kompensasjon for merverdiavgift,"-50,029"
2023,17700,Refusjon fra andre (private),"-4,400"
2023,18900,Overføringer fra andre (private),0
2023,19500,Bruk av bundne fond,"-9,127"
2024,10100,Fastlønn,"5,333,487"
2024,10101,Fastlønn lærere,0
2024,10200,Lønn sykevikarer,"119,816"
2024,10203,Vikar svangerskapspermisjon,0
2024,10204,Ferievikarer,"1,972"
2024,10205,Vikar lønnet permisjon,"3,258"
2024,10299,Periodisert lønn - HRM rapport,0
2024,10300,"Lønn ekstrahjelp, engasjement","67,449"
2024,10400,Overtid,"25,643"
2024,10500,Annen lønn og godtgjørelse,"3,417"
2024,10502,Godtgjørelse elektronisk kommunikasjon,"1,830"
2024,10599,Motkonto elektronisk kommunikasjon,"-1,830"
2024,10901,Pensjon øvrige ansatte KLP 18,"1,047,539"
2024,10902,Pensjon undervisningspersonell SPK,0
2024,10903,Kollektiv gruppeliv og ulykkesforsikring,"7,914"
2024,10990,Arbeidsgiveravgift,"749,429"
2024,11000,Kontormateriell,"11,876"
2024,11001,Abonnementer og aviser,"1,080"
2024,11050,Undervisningsmateriell,"21,225"
2024,11051,Matvarer til undervisning,0
2024,11052,Lærebøker uten moms,"1,027"
2024,11100,Medisinsk forbruksmateriell,446
2024,11150,Mat,"95,515"
2024,11200,Andre driftsutgifter,"32,564"
2024,11302,Telefonutgifter/elektronisk kommunikasjon,"12,731"
2024,11500,"Opplæring, kurs","3,370"
2024,11600,Skyss- og kostgodtgjørelse,"4,978"
2024,11700,Driftsutgifter transportmidler,161
2024,11701,Reiseutgifter,"2,032"
2024,11702,Skyss elever og brukere,0
2024,11851,Personforsikring,"3,145"
2024,11950,"Avgifter, gebyrer, lisenser o.l.",533
2024,12000,"Kjøp inventar, utstyr, driftsmidler","13,625"
2024,12400,Driftsavtaler/reparasjoner/vaktmestertjenester,"3,137"
2024,12700,Konsulent- og vikartjenester,"37,288"
2024,14290,Momskompensasjon,"40,713"
2024,14500,Overføring til kommuner,0
2024,16000,Brukerbetaling kommunale tjenester,"-822,000"
2024,16201,Kostpenger,"-107,901"
2024,17000,Refusjon fra staten,"-77,600"
2024,17100,Refusjon sykelønn,"-989,383"
2024,17101,Refusjon foreldrepenger,"-319,902"
2024,17290,Kompensasjon for merverdiavgift,"-40,713"
2024,17700,Refusjon fra andre (private),"-1,375"
2024,18900,Overføringer fra andre (private),0
2024,19500,Bruk av bundne fond,"-8,972"